Mon Apr 01 00:00:00 ICT 2024,1373
Thu Feb 01 00:00:00 ICT 2024,1381
Mon Jan 01 00:00:00 ICT 2024,0
Mon Jul 01 00:00:00 ICT 2024,148
Tue Apr 02 00:00:00 ICT 2024,1647
Fri Feb 02 00:00:00 ICT 2024,1264
Tue Jan 02 00:00:00 ICT 2024,0
Tue Jul 02 00:00:00 ICT 2024,199
Wed Apr 03 00:00:00 ICT 2024,1200
Sat Feb 03 00:00:00 ICT 2024,1356
Wed Jan 03 00:00:00 ICT 2024,0
Wed Jul 03 00:00:00 ICT 2024,136
Thu Apr 04 00:00:00 ICT 2024,945
Sun Feb 04 00:00:00 ICT 2024,551
Thu Jan 04 00:00:00 ICT 2024,0
Thu Jul 04 00:00:00 ICT 2024,175
Fri Apr 05 00:00:00 ICT 2024,0
Mon Feb 05 00:00:00 ICT 2024,742
Fri Jan 05 00:00:00 ICT 2024,0
Fri Jul 05 00:00:00 ICT 2024,172
Sat Apr 06 00:00:00 ICT 2024,0
Tue Feb 06 00:00:00 ICT 2024,686
Sat Jan 06 00:00:00 ICT 2024,0
Sun Apr 07 00:00:00 ICT 2024,0
Wed Feb 07 00:00:00 ICT 2024,861
Sun Jan 07 00:00:00 ICT 2024,0
Mon Apr 08 00:00:00 ICT 2024,0
Thu Feb 08 00:00:00 ICT 2024,908
Mon Jan 08 00:00:00 ICT 2024,0
Tue Apr 09 00:00:00 ICT 2024,0
Fri Feb 09 00:00:00 ICT 2024,1013
Tue Jan 09 00:00:00 ICT 2024,0
Wed Apr 10 00:00:00 ICT 2024,0
Sat Feb 10 00:00:00 ICT 2024,1233
Wed Jan 10 00:00:00 ICT 2024,0
Thu Apr 11 00:00:00 ICT 2024,0
Sun Feb 11 00:00:00 ICT 2024,1187
Thu Jan 11 00:00:00 ICT 2024,0
Fri Apr 12 00:00:00 ICT 2024,0
Mon Feb 12 00:00:00 ICT 2024,1325
Fri Jan 12 00:00:00 ICT 2024,0
Sat Apr 13 00:00:00 ICT 2024,0
Tue Feb 13 00:00:00 ICT 2024,1307
Sat Jan 13 00:00:00 ICT 2024,0
Sun Apr 14 00:00:00 ICT 2024,0
Wed Feb 14 00:00:00 ICT 2024,886
Sun Jan 14 00:00:00 ICT 2024,0
Mon Apr 15 00:00:00 ICT 2024,0
Thu Feb 15 00:00:00 ICT 2024,1144
Mon Jan 15 00:00:00 ICT 2024,0
Tue Apr 16 00:00:00 ICT 2024,0
Fri Feb 16 00:00:00 ICT 2024,1369
Tue Jan 16 00:00:00 ICT 2024,0
Wed Apr 17 00:00:00 ICT 2024,600
Sat Feb 17 00:00:00 ICT 2024,1312
Wed Jan 17 00:00:00 ICT 2024,0
Thu Apr 18 00:00:00 ICT 2024,1431
Sun Feb 18 00:00:00 ICT 2024,1000
Thu Jan 18 00:00:00 ICT 2024,0
Fri Apr 19 00:00:00 ICT 2024,1841
Mon Feb 19 00:00:00 ICT 2024,1030
Fri Jan 19 00:00:00 ICT 2024,0
Sat Apr 20 00:00:00 ICT 2024,1830
Tue Feb 20 00:00:00 ICT 2024,966
Sat Jan 20 00:00:00 ICT 2024,0
Sun Apr 21 00:00:00 ICT 2024,1673
Wed Feb 21 00:00:00 ICT 2024,1098
Sun Jan 21 00:00:00 ICT 2024,0
Mon Apr 22 00:00:00 ICT 2024,2099
Thu Feb 22 00:00:00 ICT 2024,1423
Mon Jan 22 00:00:00 ICT 2024,0
Tue Apr 23 00:00:00 ICT 2024,1771
Fri Feb 23 00:00:00 ICT 2024,1194
Tue Jan 23 00:00:00 ICT 2024,0
Wed Apr 24 00:00:00 ICT 2024,1941
Sat Feb 24 00:00:00 ICT 2024,1254
Wed Jan 24 00:00:00 ICT 2024,0
Thu Apr 25 00:00:00 ICT 2024,2186
Sun Feb 25 00:00:00 ICT 2024,872
Thu Jan 25 00:00:00 ICT 2024,0
Fri Apr 26 00:00:00 ICT 2024,2167
Mon Feb 26 00:00:00 ICT 2024,959
Fri Jan 26 00:00:00 ICT 2024,0
Sat Apr 27 00:00:00 ICT 2024,2124
Tue Feb 27 00:00:00 ICT 2024,1039
Sat Jan 27 00:00:00 ICT 2024,0
Sun Apr 28 00:00:00 ICT 2024,2477
Wed Feb 28 00:00:00 ICT 2024,1312
Sun Jan 28 00:00:00 ICT 2024,0
Mon Apr 29 00:00:00 ICT 2024,2484
Thu Feb 29 00:00:00 ICT 2024,1059
Mon Jan 29 00:00:00 ICT 2024,0
Tue Apr 30 00:00:00 ICT 2024,1960
Tue Jan 30 00:00:00 ICT 2024,0
Wed Jan 31 00:00:00 ICT 2024,0
